"profile id","#friends","#following","#community","age","#postshared","#urlshared","#photos/videos","fpurls","fpphotos/videos","avgcomment/post","likes/post","tags/post","#tags/post","Label"
"1","39","300","907","200","1000","850","922","0.49","0.55","0.56","0.47","40","14","1"
"2","150","350","30","300","300","100","290","0.33","0.96","0.5","1.2","10","4","0"
"3","300","450","50","465","500","150","450","0.2","0.84","0.4","1.5","15","7","0"
"4","25","110","660","350","2050","2000","2050","0.97560975609756","1","0.7","0.3","54","21","1"
"5","24","100","150","800","950","1000","900","1.0526315789474","0.94736842105263","0.66","0.5","55","20","1"
"6","562","350","55","650","450","250","900","0.55555555555556","2","0.42","2.2","15","10","0"
"7","662","454","22","764","365","100","1000","0.27397260273973","2.7397260273973","0.31","2.5","23","10","0"
"8","50","100","700","350","2512","2000","2400","0.79617834394904","0.95541401273885","0.77","0.32","58","32","1"
"9","800","550","66","850","460","500","300","1.0869565217391","0.65217391304348","0.4","2","23","10","0"
"10","605","555","58","782","700","100","650","0.14285714285714","0.92857142857143","0.24","2.8","13","5","0"
"11","1005","380","13","1250","561","132","530","0.23529411764706","0.94474153297683","0.1","1.6","16","4","0"
"12","1632","560","84","651","789","87","760","0.11026615969582","0.96324461343473","0.46","1.9","35","12","0"
"13","2461","643","63","1523","756","123","713","0.16269841269841","0.94312169312169","0.46","2.8","13","17","0"
"14","561","312","46","625","326","65","300","0.19938650306748","0.92024539877301","0.35","2.3","32","15","0"
"15","1143","426","86","956","558","56","500","0.10035842293907","0.89605734767025","0.24","2.1","15","19","0"
"16","784","466","46","423","326","32","300","0.098159509202454","0.92024539877301","0.26","2.5","18","12","0"
"17","146","56","13","125","76","23","65","0.30263157894737","0.85526315789474","0.35","1.3","19","19","0"
"18","894","465","123","565","420","63","400","0.15","0.95238095238095","0.482","1","25","11","0"
"19","463","143","32","421","186","50","168","0.26881720430108","0.90322580645161","0.38","1.4","23","16","0"
"20","1164","786","46","864","546","95","500","0.17399267399267","0.91575091575092","0.36","1.5","29","13","0"
"21","265","165","26","410","130","25","115","0.19230769230769","0.88461538461538","0.32","1.9","26","14","0"
"22","632","164","29","476","331","46","302","0.13897280966767","0.91238670694864","0.41","0.8","27","15","0"
"23","789","652","56","432","187","46","176","0.24598930481283","0.94117647058824","0.57","0.7","29","13","0"
"24","146","138","13","269","138","24","200","0.17391304347826","1.4492753623188","0.38","1.3","27","19","0"
"25","864","975","78","366","214","75","187","0.35046728971963","0.87383177570093","0.33","1.4","19","18","0"
"26","1112","1234","96","846","364","105","300","0.28846153846154","0.82417582417582","0.44","1.9","23","17","0"
"27","1147","1232","87","961","226","42","202","0.1858407079646","0.89380530973451","0.22","1.5","22","19","0"
"28","1135","1542","97","511","444","35","394","0.078828828828829","0.88738738738739","0.32","1.6","16","11","0"
"29","2311","1666","54","964","555","78","500","0.14054054054054","0.9009009009009","0.22","1.1","36","6","0"
"30","1231","1164","88","642","554","32","522","0.057761732851986","0.94223826714801","0.21","0.9","33","10","0"
"31","1133","1124","33","1532","789","123","700","0.15589353612167","0.8871989860583","0.13","0.8","35","11","0"
"32","2321","1532","53","964","884","112","822","0.12669683257919","0.92986425339367","0.25","0.7","33","16","0"
"33","2862","2645","66","1523","562","85","550","0.15124555160142","0.97864768683274","0.16","0.6","22","29","0"
"34","460","323","36","1724","773","99","723","0.1280724450194","0.9353169469599","0.32","1.9","13","23","0"
"35","1386","1245","48","1894","886","84","840","0.094808126410835","0.94808126410835","0.13","1.4","18","18","0"
"36","2678","1648","66","1947","1231","66","1160","0.0536149471974","0.94232331437855","0.364","2","33","15","0"
"37","2216","1894","51","2697","1226","49","956","0.039967373572594","0.77977161500816","0.268","2.1","35","14","0"
"38","2649","2131","25","2246","1500","46","1463","0.030666666666667","0.97533333333333","0.21","1.6","26","13","0"
"39","2134","2364","33","2164","1700","68","1532","0.04","0.90117647058824","0.22","1.8","21","11","0"
"40","1123","1150","115","2246","1460","56","1163","0.038356164383562","0.79657534246575","0.33","1.1","22","5","0"
"41","1009","1123","32","1423","1112","36","635","0.032374100719424","0.57104316546763","0.321","1.88","36","4","0"
"42","1100","1356","49","1200","800","24","750","0.03","0.9375","0.213","1.4","24","9","0"
"43","149","153","26","264","108","28","99","0.25925925925926","0.91666666666667","0.13","1.6","11","11","0"
"44","1489","1009","45","365","321","58","300","0.18068535825545","0.93457943925234","0.18","1.8","14","13","0"
"45","1444","1564","63","225","210","21","210","0.1","1","0.11","1.3","23","16","0"
"46","1563","1142","31","606","521","55","500","0.10556621880998","0.95969289827255","0.09","0.99","19","13","0"
"47","2120","2130","39","753","650","85","623","0.13076923076923","0.95846153846154","0.095","0.85","13","10","0"
"48","3261","3225","84","798","564","96","546","0.17021276595745","0.96808510638298","0.32","0.75","22","15","0"
"49","1231","1364","59","465","336","87","301","0.25892857142857","0.89583333333333","0.21","0.87","28","16","0"
"50","889","1003","42","550","460","56","440","0.12173913043478","0.95652173913043","0.13","0.75","32","16","0"
"51","223","130","12","365","130","13","115","0.1","0.88461538461538","0.236","0.886","29","18","0"
"52","332","321","13","421","183","23","175","0.12568306010929","0.95628415300546","0.313","0.889","21","12","0"
"53","2135","2364","54","1005","786","150","760","0.19083969465649","0.96692111959288","0.42","0.66","34","16","0"
"54","3305","4510","168","1543","864","166","800","0.19212962962963","0.92592592592593","0.156","0.78","31","10","0"
"55","4462","5312","113","665","512","87","495","0.169921875","0.966796875","0.28","0.99","38","9","0"
"56","5554","4231","85","980","602","84","560","0.13953488372093","0.93023255813953","0.16","1.6","25","11","0"
"57","654","461","49","1520","1231","186","941","0.15109666937449","0.76441917140536","0.12","1.9","18","15","0"
"58","1546","1243","88","645","547","62","431","0.11334552102377","0.78793418647166","0.35","1.1","26","14","0"
"59","1143","987","65","1546","786","112","653","0.14249363867684","0.83078880407125","0.34","1.4","21","13","0"
"60","463","465","36","1502","623","68","581","0.1091492776886","0.93258426966292","0.292","1.4","14","10","0"
"61","561","482","32","1645","658","66","599","0.10030395136778","0.91033","0.223","1.2","13","11","0"
"62","1325","1123","45","1895","633","89","593","0.14060031595577","0.93680884676145","0.23","1.6","32","7","0"
"63","254","195","24","956","764","105","690","0.13743455497382","0.90314136125654","0.33","1.5","42","17","0"
"64","336","226","22","869","321","43","300","0.13395638629283","0.93457943925234","0.54","1.59","43","18","0"
"65","4563","3261","59","1235","1200","86","900","0.071666666666667","0.75","0.55","1.8","46","19","0"
"66","1500","1643","45","1356","546","56","536","0.1025641025641","0.98168498168498","0.468","0.9","44","13","0"
"67","1623","1123","79","1130","697","78","580","0.11190817790531","0.83213773314204","0.33","0.7","29","16","0"
"68","1395","1234","66","1392","632","73","600","0.11550632911392","0.94936708860759","0.36","1.1","22","9","0"
"69","923","726","23","1396","586","43","570","0.073378839590444","0.97269624573379","0.346","0.9","35","14","0"
"70","1203","1132","32","1143","623","43","610","0.069020866773676","0.97913322632424","0.28","1.23","36","15","0"
"71","664","632","56","1236","756","56","710","0.074074074074074","0.93915343915344","0.531","1.3","38","11","0"
"72","536","633","51","1632","846","59","800","0.069739952718676","0.94562647754137","0.61","0.7","41","10","0"
"73","1300","1423","76","1752","541","63","521","0.11645101663586","0.9630314232902","0.55","1.32","31","8","0"
"74","751","921","56","1364","663","66","883","0.099547511312217","1.3318250377074","0.41","0.86","45","18","0"
"75","668","1354","39","1463","786","84","751","0.10687022900763","0.95547073791349","0.38","1.87","46","13","0"
"76","1330","2513","54","846","656","76","610","0.11585365853659","0.92987804878049","0.36","1.2","34","19","0"
"77","789","954","74","946","746","43","701","0.057640750670241","0.93967828418231","0.028","1.5","37","13","0"
"78","331","456","26","786","689","58","652","0.084179970972424","0.94629898403483","0.456","1.6","38","18","0"
"79","456","586","46","843","695","38","653","0.054676258992806","0.93956834532374","0.54","0.95","27","17","0"
"80","745","568","48","694","497","39","485","0.078470824949698","0.97585513078471","0.38","0.86","38","10","0"
"81","1234","2146","39","846","486","28","470","0.05761316872428","0.96707818930041","0.33","0.98","34","6","0"
"82","1843","2543","77","1431","840","53","752","0.063095238095238","0.8952380952381","0.52","0.96","26","5","0"
"83","1543","2438","67","1321","742","42","684","0.056603773584906","0.92183288409704","0.34","0.95","32","13","0"
"84","1324","2164","57","1124","646","39","587","0.060371517027864","0.90866873065015","0.45","0.85","29","9","0"
"85","792","594","59","1315","759","41","598","0.054018445322793","0.78787878787879","0.38","0.89","39","18","0"
"86","864","601","71","1413","854","48","761","0.056206088992974","0.89110070257611","0.36","0.94","43","16","0"
"87","954","524","69","1312","921","52","841","0.056460369163952","0.91313789359392","0.27","0.83","41","12","0"
"88","915","2042","74","1049","741","27","661","0.036437246963563","0.89203778677463","0.19","0.73","12","4","0"
"89","892","1469","54","981","648","26","564","0.040123456790123","0.87037037037037","0.56","0.76","17","10","0"
"90","1132","1328","68","943","923","23","843","0.024918743228602","0.91332611050921","0.58","0.81","31","19","0"
"91","1245","1542","89","962","925","51","846","0.055135135135135","0.91459459459459","0.65","0.86","36","17","0"
"92","1169","1432","81","849","929","61","851","0.065662002152853","0.91603875134553","0.64","0.74","49","5","0"
"93","1236","1321","73","1032","498","63","404","0.12650602409639","0.81124497991968","0.72","0.98","48","6","0"
"94","1289","1214","56","1021","484","73","399","0.15082644628099","0.82438016528926","0.43","0.79","39","8","0"
"95","919","1239","52","1026","659","43","574","0.065250379362671","0.87101669195751","0.32","0.88","18","14","0"
"96","1019","693","43","837","743","41","651","0.055181695827725","0.87617765814266","0.59","0.93","19","11","0"
"97","1021","961","68","1129","793","59","710","0.074401008827238","0.8953341740227","0.69","0.97","11","9","0"
"98","971","2049","38","1034","894","79","812","0.088366890380313","0.9082774049217","0.49","0.87","25","12","0"
"99","977","2324","54","1023","991","68","911","0.0686175580222","0.91927346115035","0.56","0.88","15","7","0"
"100","1029","1694","64","1079","994","29","913","0.029175050301811","0.91851106639839","0.43","0.96","42","18","0"
"101","1021","1789","57","1129","998","72","924","0.072144288577154","0.92585170340681","0.26","0.97","33","17","0"
"102","1432","1876","75","1364","769","69","703","0.089726918075423","0.91417425227568","0.46","0.88","37","13","0"
"103","1176","1234","34","1669","894","65","877","0.072706935123043","0.98098434004474","0.36","1.23","23","16","0"
"104","1236","1546","88","1682","1124","77","1022","0.068505338078292","0.90925266903915","0.66","1.2","35","18","0"
"105","2364","1332","74","1533","1222","56","1200","0.04582651391162","0.98199672667758","0.33","1.8","41","19","0"
"106","961","1236","56","1462","1234","58","910","0.047001620745543","0.73743922204214","0.432","1.5","39","17","0"
"107","541","663","54","1100","953","65","923","0.068205666316894","0.9685204616999","0.34","1.6","34","18","0"
"108","744","841","46","1200","846","65","800","0.076832151300236","0.94562647754137","0.36","1.44","36","17","0"
"109","465","665","21","721","364","32","321","0.087912087912088","0","0.22","1.5","32","21","0"
"110","321","412","22","754","846","35","301","0.041371158392435","0.35579196217494","0.24","1.3","26","13","0"
"111","891","1156","89","763","961","81","754","0.084287200832466","0.78459937565036","0.126","1.1","40","24","0"
"112","794","1031","76","1123","743","36","732","0.048452220726783","0.98519515477793","0.21","0.99","35","25","0"
"113","864","1041","53","1159","731","34","720","0.046511627906977","0.98495212038304","0.19","1.2","45","15","0"
"114","1489","1051","31","1011","756","58","721","0.076719576719577","0.9537037037037","0.22","0.78","25","9","0"
"115","1568","1249","39","1016","742","59","734","0.079514824797844","0.98921832884097","0.33","0.86","66","8","0"
"116","1768","1159","58","981","954","51","916","0.053459119496855","0.9601677148847","0.56","0.84","86","3","0"
"117","659","781","43","731","951","63","659","0.066246056782334","0.69295478443743","0.11","1.3","76","20","0"
"118","459","794","47","736","1121","69","661","0.061552185548617","0.58965209634255","0.15","1.4","33","19","0"
"119","789","846","49","931","1021","71","900","0.069539666993144","0.88148873653281","0.25","1.21","15","14","0"
"120","1476","1324","29","1143","1011","76","991","0.075173095944609","0.98021760633037","0.35","1.25","95","13","0"
"121","1984","1569","79","1261","1009","81","996","0.080277502477701","0.98711595639247","0.55","1.14","85","23","0"
"122","1324","732","86","1140","1008","89","894","0.088293650793651","0.88690476190476","0.133","1.7","75","10","0"
"123","796","891","69","1104","1003","83","893","0.082751744765703","0.89032901296112","0.159","1.06","55","11","0"
"124","846","863","19","849","1113","49","812","0.044025157232704","0.72955974842767","0.65","0.73","65","17","0"
"125","961","983","81","796","912","47","781","0.051535087719298","0.85635964912281","0.144","0.91","51","19","0"
"126","919","2106","27","1021","917","39","887","0.042529989094875","0.96728462377317","0.125","1.22","31","26","0"
"127","1109","2119","37","945","925","33","911","0.035675675675676","0.98486486486486","0.111","1.05","41","21","0"
"128","1119","969","71","941","915","51","893","0.055737704918033","0.97595628415301","0.13","1.02","81","15","0"
"129","1786","1054","67","1423","1097","21","999","0.019143117593437","0.91066545123063","0.27","0.79","21","26","0"
"130","851","1061","49","1421","1091","53","976","0.048579285059578","0.89459211732356","0.331","0.97","43","21","0"
"131","651","1051","33","1148","926","83","914","0.08963282937365","0.98704103671706","0.221","0.99","33","11","0"
"132","1651","995","39","1230","893","47","887","0.052631578947368","0.993281075028","0.177","0.88","93","21","0"
"133","1743","971","29","1103","1100","73","1069","0.066363636363636","0.97181818181818","0.129","0.83","83","14","0"
"134","1736","2007","78","1109","1009","28","979","0.027750247770069","0.97026759167493","0.35","0.77","76","16","0"
"135","916","2108","26","773","706","64","694","0.090651558073654","0.98300283286119","0.69","1.24","56","9","0"
"136","935","1147","24","775","707","53","681","0.074964639321075","0.96322489391796","0.118","1.23","46","7","0"
"137","653","1124","81","677","712","81","644","0.11376404494382","0.90449438202247","0.229","1.21","96","5","0"
"138","1523","1051","75","699","901","91","661","0.10099889012209","0.73362930077691","0.226","1.22","41","10","0"
"139","1464","877","61","688","906","21","644","0.02317880794702","0.71081677704194","0.356","1.02","21","23","0"
"140","1321","871","48","781","806","54","771","0.066997518610422","0.95657568238213","0.67","1.09","28","17","0"
"141","845","868","41","981","709","34","697","0.047954866008463","0.98307475317348","0.36","1.08","27","25","0"
"142","945","2100","39","991","708","89","688","0.12570621468927","0.97175141242938","0.49","1.07","57","14","0"
"143","1654","1981","25","1324","727","87","703","0.11966987620358","0.96698762035763","0.473","1.06","47","12","0"
"144","1459","1743","65","1365","827","77","804","0.09310761789601","0.97218863361548","0.216","0.69","37","8","0"
"145","1651","1624","85","1369","927","71","901","0.076591154261057","0.97195253505933","0.28","0.68","88","6","0"
"146","1793","1549","63","598","947","86","597","0.090813093980993","0.63041182682154","0.19","0.85","77","13","0"
"147","1543","659","43","1125","847","66","813","0.077922077922078","0.95985832349469","0.93","0.84","99","19","0"
"148","873","658","53","1743","893","65","866","0.072788353863382","0.96976483762598","0.113","0.81","66","27","0"
"149","977","988","67","477","793","61","773","0.076923076923077","0.97477931904161","0.243","0.93","33","18","0"
"150","1652","954","84","597","904","59","876","0.065265486725664","0.96902654867257","0.381","0.98","44","29","0"
"151","1102","931","91","771","1021","31","884","0.030362389813908","0.86581782566112","0.245","1.02","96","24","0"
"152","1021","859","93","1145","1156","41","991","0.035467128027682","0.85726643598616","0.263","1.12","81","11","0"
"153","1066","836","81","1513","1211","49","1109","0.040462427745665","0.91577208918249","0.289","1.16","38","7","0"
"154","1054","1136","37","1718","1693","51","1114","0.030124040165387","0.65800354400473","0.381","0.94","49","15","0"
"155","498","1129","29","919","781","55","751","0.070422535211268","0.96158770806658","0.116","0.91","55","28","0"
"156","1369","1294","28","961","749","45","743","0.060080106809079","0.99198931909212","0.12","0.89","58","10","0"
"157","1321","1398","36","932","658","65","619","0.098784194528875","0.94072948328267","0.31","0.88","64","8","0"
"158","1391","1367","48","1164","1029","85","998","0.082604470359572","0.96987366375121","0.43","0.78","59","23","0"
"159","1296","2006","47","1321","1151","95","1014","0.082536924413553","0.88097306689835","0.45","0.96","69","20","0"
"160","599","2096","59","2221","2149","33","2001","0.015355979525361","0.93113075849232","0.91","1.06","94","25","0"
"161","922","771","91","944","657","23","614","0.035007610350076","0.93455098934551","0.81","1.11","91","14","0"
"162","843","779","92","1315","891","83","818","0.093153759820426","0.91806958473625","0.114","1.23","81","13","0"
"163","831","993","98","1914","843","73","831","0.086595492289442","0.98576512455516","0.159","1.14","71","17","0"
"164","1651","1036","96","1615","869","48","821","0.055235903337169","0.94476409666283","0.179","1.19","79","19","0"
"165","1633","1059","65","1123","821","58","817","0.070645554202192","0.99512789281364","0.184","1.18","64","9","0"
"166","1421","1064","64","1159","1169","88","1041","0.075278015397776","0.89050470487596","0.412","1.28","63","7","0"
"167","1141","1158","66","1415","1143","78","1031","0.068241469816273","0.90201224846894","0.422","1.25","61","6","0"
"168","1001","1269","63","1567","1329","79","1121","0.059443190368698","0.84349134687735","0.361","0.77","54","12","0"
"169","919","1238","33","1691","1381","97","1317","0.070238957277335","0.95365677045619","0.315","1.04","45","26","0"
"170","741","789","25","1914","1354","94","1329","0.069423929098966","0.98153618906942","0.312","1.08","46","27","0"
"171","633","981","22","1744","1362","46","1211","0.033773861967695","0.88913362701909","0.15","1.07","39","21","0"
"172","688","856","37","944","712","36","693","0.050561797752809","0.97331460674157","0.65","1.05","31","24","0"
"173","676","1317","47","913","816","33","801","0.040441176470588","0.98161764705882","0.39","1.15","33","29","0"
"174","1196","1357","87","927","914","25","903","0.027352297592998","0.98796498905908","0.58","1.23","51","11","0"
"175","1174","1452","81","1017","913","45","881","0.049288061336254","0.96495071193866","0.67","1.24","56","16","0"
"176","1431","1444","61","1419","1412","35","1311","0.024787535410765","0.92847025495751","0.191","1.1","74","13","0"
"177","1425","1324","41","1916","1467","54","1314","0.03680981595092","0.89570552147239","0.291","1.01","71","14","0"
"178","1658","994","51","1813","1436","34","1401","0.023676880222841","0.97562674094708","0.351","0.87","91","28","0"
"179","1135","944","31","2109","1581","24","1481","0.015180265654649","0.93674889310563","0.349","0.88","88","12","0"
"180","1026","844","77","1931","1612","64","1512","0.03970223325062","0.93796526054591","0.359","0.99","84","9","0"
"181","1329","744","99","1943","1712","71","1683","0.041471962616822","0.98306074766355","0.334","0.92","66","8","0"
"182","591","1145","93","443","399","61","382","0.15288220551378","0.95739348370927","0.411","0.98","51","11","0"
"183","991","1187","71","544","535","51","524","0.095327102803738","0.97943925233645","0.141","0.87","23","21","0"
"184","848","1582","67","599","544","31","533","0.056985294117647","0.97977941176471","0.155","0.99","33","23","0"
"185","783","1161","57","671","455","49","423","0.10769230769231","0.92967032967033","0.15","1.02","49","24","0"
"186","1311","1254","86","478","498","47","446","0.094377510040161","0.89558232931727","0.166","1.06","81","29","0"
"187","1901","1158","84","771","1123","37","1006","0.032947462154942","0.89581478183437","0.171","1.05","71","28","0"
"188","1245","814","54","1197","1199","27","1100","0.022518765638032","0.91743119266055","0.433","1.08","61","17","0"
"189","1211","911","27","1167","1181","57","1036","0.048264182895851","0.87722269263336","0.411","1.09","58","18","0"
"190","1231","719","77","1155","1236","98","1046","0.079288025889968","0.8462783171521","0.412","1.06","44","16","0"
"191","891","1121","57","1177","1781","58","1188","0.032565974171814","0.66704098820887","0.413","1.12","34","14","0"
"192","1121","1494","37","1319","1655","64","1277","0.038670694864048","0.77160120845921","0.418","0.97","54","13","0"
"193","1911","1394","67","1416","1444","61","1344","0.042243767313019","0.93074792243767","0.419","0.88","64","12","0"
"194","2101","1277","48","1466","1344","31","1311","0.023065476190476","0.97544642857143","0.426","0.68","84","10","0"
"195","1713","1377","44","1966","1433","81","1413","0.05652477320307","0.98604326587579","0.121","0.78","94","9","0"
"197","1613","1287","54","1978","1366","77","1357","0.056368960468521","0.99341142020498","0.196","0.79","74","8","0"
"198","1694","1188","34","1811","1397","59","1388","0.042233357193987","0.99355762347888","0.188","0.73","14","6","0"
"199","1513","1198","24","711","693","69","654","0.0995670995671","0.94372294372294","0.29","0.74","24","26","0"
"200","744","911","45","811","775","63","712","0.081290322580645","0.91870967741935","0.26","1.22","88","24","0"
"201","582","652","24","852","652","25","642","0.038343558282209","0.98466257668712","0.199","1.19","99","21","0"
"202","652","785","55","985","786","42","765","0.053435114503817","0.97328244274809","0.211","0.122","52","18","0"
"203","1222","1235","56","1325","1524","45","1324","0.029527559055118","0.86876640419948","0.231","0.147","54","14","0"
"204","852","963","57","862","975","46","945","0.047179487179487","0.96923076923077","0.321","0.147","57","15","0"
"205","745","856","58","754","765","48","742","0.062745098039216","0.96993464052288","0.258","0.541","56","16","0"
"206","564","654","59","625","652","49","685","0.075153374233129","1.0506134969325","0.658","0.654","55","16","0"
"207","652","752","60","852","678","47","785","0.069321533923304","1.1578171091445","0.852","0.752","54","17","0"
"208","456","545","61","546","565","46","786","0.068521","1.3911504424779","0.962","0.852","56","18","0"
"209","654","754","61","785","564","48","561","0.085106382978723","0.99468085106383","0.632","0.258","54","19","0"
"210","785","852","62","795","852","49","752","0.057511737089202","0.88262910798122","0.542","0.852","55","9","0"
"211","564","654","41","741","582","41","502","0.070446735395189","0.86254295532646","0.963","0.258","56","10","0"
"212","639","658","42","674","610","42","625","0.068852459016393","1.0245901639344","0.582","0.369","57","8","0"
"213","963","1012","45","987","956","42","895","0.043933054393305","0.93619246861925","0.632","0.525","55","9","0"
"214","975","1122","46","996","945","43","896","0.045502645502646","0.94814814814815","0.785","0.582","56","7","0"
"215","896","875","36","900","852","45","845","0.052816901408451","0.99178403755869","0.452","0.586","55","8","0"
"216","785","795","37","805","750","44","750","0.058666666666667","1","0.789","0.854","54","6","0"
"217","856","865","38","880","840","45","841","0.053571428571429","1.0011904761905","0.865","0.541","45","6","0"
"218","892","921","39","925","852","46","900","0.053990610328638","1.056338028169","0.255","0.852","46","4","0"
"219","952","1023","40","965","940","36","945","0.038297872340426","1.0053191489362","0.632","0.585","45","15","0"
"220","1112","1211","36","1125","999","25","978","0.025025025025025","0.97897897897898","0.987","0.654","37","16","0"
"221","1211","1321","65","1225","1150","26","1099","0.022608695652174","0.95565217391304","0.256","0.215","32","14","0"
"222","1215","1235","75","1225","1198","24","1152","0.020033388981636","0.96160267111853","0.369","0.147","38","15","0"
"223","1256","1260","69","1302","1196","27","1156","0.02257525083612","0.96655518394649","0.258","0.741","37","16","0"
"224","1325","1452","48","1450","1296","28","1256","0.021604938271605","0.96913580246914","0.236","0.745","35","14","0"
"225","1489","1500","31","1398","1325","29","1395","0.02188679245283","1.0528301886792","0.325","0.852","36","15","0"
"226","652","752","28","640","559","25","540","0.044722719141324","0.96601073345259","0.256","0.236","35","16","0"
"227","785","852","36","750","685","28","650","0.040875912408759","0.94890510948905","0.321","0.654","25","17","0"
"228","852","785","25","760","690","29","660","0.042028985507246","0.95652173913043","0.654","0.123","23","18","0"
"229","987","654","25","856","789","30","741","0.038022813688213","0.93916349809886","0.852","0.963","25","19","0"
"230","1012","998","26","963","987","21","852","0.021276595744681","0.86322188449848","0.654","0.395","26","18","0"
"231","1102","1025","27","996","985","45","978","0.045685279187817","0.99289340101523","0.741","0.756","25","8","0"
"232","1421","1325","36","1232","1254","46","1125","0.036682615629984","0.89712918660287","0.852","0.741","26","9","0"
"233","1325","1232","38","1123","1025","45","996","0.04390243902439","0.97170731707317","0.879","0.965","27","11","0"
"234","1235","1125","36","1210","1198","45","999","0.037562604340568","0.8338898163606","0.789","0.258","28","12","0"
"235","1369","1299","48","1190","1095","16","985","0.014611872146119","0.89954337899543","0.147","0.258","26","13","0"
"236","1245","1235","26","1158","1082","21","952","0.019408502772643","0.87985212569316","0.369","0.265","28","16","0"
"237","1125","1098","56","1110","995","29","985","0.029145728643216","0.98994974874372","0.456","0.369","30","15","0"
"238","852","785","21","845","835","36","802","0.04311377245509","0.96047904191617","0.369","0.654","25","16","0"
"239","1025","962","45","845","865","25","836","0.028901734104046","0.96647398843931","0.456","0.654","25","18","0"
"240","895","885","46","876","856","23","846","0.026869158878505","0.98831775700935","0.632","0.546","24","19","0"
"241","1335","1255","65","1198","1089","54","1078","0.049586776859504","0.98989898989899","0.125","0.321","36","18","0"
"242","784","754","24","743","654","56","640","0.085626911314985","0.97859327217125","0.258","0.256","34","19","0"
"243","890","880","56","864","850","54","780","0.063529411764706","0.91764705882353","0.265","0.235","54","20","0"
"244","995","985","52","950","940","25","850","0.026595744680851","0.90425531914894","0.854","0.875","25","15","0"
"245","1032","962","25","940","890","23","750","0.025842696629213","0.84269662921348","0.564","0.852","56","16","0"
"246","851","925","56","910","850","24","810","0.028235294117647","0.95294117647059","0.789","0.896","52","14","0"
"247","1456","1489","45","1465","1430","48","1320","0.033566433566434","0.92307692307692","0.564","0.236","58","16","0"
"248","1430","1340","16","1440","1420","60","1320","0.042253521126761","0.92957746478873","0.258","0.336","60","17","0"
"249","1500","1490","25","1520","1450","56","1440","0.038620689655172","0.99310344827586","0.325","0.456","45","18","0"
"250","1330","1220","48","1350","1250","85","1230","0.068","0.984","0.963","0.875","46","18","0"
"251","1236","1190","54","1250","1240","58","1238","0.046774193548387","0.99838709677419","0.895","0.693","46","17","0"
"252","950","940","53","960","956","11","954","0.011506276150628","0.9979079497908","0.258","0.369","43","14","0"
"253","1150","1130","56","1170","1158","13","1153","0.011226252158895","0.99568221070812","0.321","0.456","48","17","0"
"254","1054","1051","58","1060","1056","15","1048","0.014204545454545","0.99242424242424","0.485","0.785","38","18","0"
"255","852","845","45","870","860","16","855","","0.99418604651163","0.357","0.452","23","16","0"
"256","963","954","46","980","970","18","956","0.018556701030928","0.98556701030928","0.486","0.62","24","15","0"
"257","975","964","34","1000","980","20","979","","0.99897959183673","0.246","0.624","26","14","0"
"258","556","612","33","656","640","21","633","0.0328125","0.9890625","0.456","0.148","24","16","0"
"259","650","640","35","670","650","22","644","0.033846153846154","0.99076923076923","0.369","0.546","25","17","0"
"260","1458","1440","36","1480","1475","23","1469","0.015593220338983","0.99593220338983","0.157","0.269","26","18","0"
"261","1369","1330","37","1420","1390","25","1379","0.017985611510791","0.99208633093525","0.659","0.748","27","19","0"
"262","1379","1369","39","1430","1399","26","1380","0.018584703359543","0.98641887062187","0.265","0.325","28","20","0"
"263","1156","1140","40","1201","1200","27","1199","0.0225","0.99916666666667","0.147","0.258","29","10","0"
"264","1087","1060","41","1101","1088","28","1077","0.025735294117647","0.98988970588235","0.369","0.256","30","11","0"
"265","1254","1233","42","1302","1260","29","1240","0.023015873015873","0.98412698412698","0.154","0.126","40","12","0"
"266","1178","1120","43","1292","1190","30","1180","0.025210084033613","0.99159663865546","0.265","0.215","41","13","0"
"267","1180","1150","44","1205","1195","31","1185","0.025941422594142","0.99163179916318","0.458","0.965","42","14","0"
"268","1232","1198","45","1254","1220","32","1210","0.026229508196721","0.99180327868852","0.417","0.564","43","15","0"
"269","1245","1220","46","1260","1180","33","1178","0.027966101694915","0.99830508474576","0.265","0.365","44","16","0"
"270","1265","1245","47","1270","1190","34","1178","0.028571428571429","0.98991596638655","0.956","0.895","45","17","0"
"271","1045","1032","48","1102","1105","35","1100","0.031674208144796","0.99547511312217","0.258","0.369","46","18","0"
"272","1456","1410","49","1469","1390","36","1350","0.02589928057554","0.97122302158273","0.325","0.452","47","19","0"
"273","1250","1247","50","1302","1156","37","1140","0.032006920415225","0.98615916955017","0.789","0.456","48","20","0"
"274","958","900","20","1010","950","38","940","0.04","0.98947368421053","0.965","0.123","49","1","0"
"275","999","950","21","1100","1000","39","998","0.039","0.998","0.369","0.258","50","2","0"
"276","854","840","22","910","900","40","860","0.044444444444444","0.95555555555556","0.265","0.418","30","3","0"
"277","905","880","23","930","950","41","939","0.043157894736842","0.98842105263158","0.958","0.589","31","4","0"
"278","1021","998","24","1102","1150","42","1140","0.036521739130435","0.99130434782609","0.258","0.963","32","5","0"
"279","1253","1110","25","1300","1105","43","1098","0.038914027149321","0.99366515837104","0.852","0.956","33","1","0"
"280","1456","1236","26","1500","1210","44","1206","0.036363636363636","0.99669421487603","0.789","0.456","34","2","0"
"281","1502","1485","27","1550","1450","45","1440","0.031034482758621","0.99310344827586","0.854","0.654","35","3","0"
"282","1490","1470","28","1550","1440","46","1430","0.031944444444444","0.99305555555556","0.478","0.369","36","4","0"
"283","1230","1235","29","1356","1260","47","1250","0.037301587301587","0.99206349206349","0.236","0.235","37","5","0"
"284","789","770","30","800","760","48","740","0.063157894736842","0.97368421052632","0.125","0.215","39","2","0"
"285","852","800","31","900","780","50","750","0.064102564102564","0.96153846153846","0.147","0.214","40","1","0"
"286","765","740","32","850","802","20","799","0.024937655860349","0.99625935162095","0.236","0.456","41","3","0"
"287","856","810","33","900","789","31","779","0.039290240811153","0.9873257287706","0.245","0.246","12","4","0"
"288","1235","1200","34","1200","1250","21","1520","0.0168","1.216","0.236","0.256","13","5","0"
"289","1456","1430","35","1230","1330","32","1310","0.02406015037594","0.98496240601504","0.745","0.258","14","1","0"
"290","1110","1080","36","1602","1250","33","1240","0.0264","0.992","0.741","0.2564","12","18","0"
"291","1230","1202","37","1203","1205","34","1198","0.028215767634855","0.99419087136929","0.564","0.245","13","19","0"
"292","1150","1050","38","1245","1044","35","1035","0.033524904214559","0.99137931034483","0.326","0.125","14","20","0"
"293","1520","1025","40","1256","1025","36","1023","0.035121951219512","0.9980487804878","0.236","0.147","15","18","0"
"294","1562","1452","41","1365","1402","35","1325","0.024964336661912","0.94507845934379","0.145","0.321","16","16","0"
"295","1560","1450","17","1396","1440","36","1460","0.025","1.0138888888889","0.123","0.456","17","17","0"
"296","1230","1201","18","1102","1099","37","1088","0.033666969972702","0.98999090081893","0.236","0.456","18","15","0"
"297","1256","1235","19","1189","1026","38","1058","0.037037037037037","1.0311890838207","0.254","0.456","19","16","0"
"298","1325","1299","20","1250","1102","39","1025","0.035390199637024","0.93012704174229","0.145","0.125","20","17","0"
"299","1440","1320","25","1300","1290","40","1109","0.031007751937984","0.85968992248062","0.236","0.123","25","14","0"
"300","1465","1420","26","1298","1289","25","1200","0.019394879751746","0.93095422808379","0.125","0.456","26","15","0"
"301","1582","1652","52","1489","1450","58","1440","0.04","0.99310344827586","0.455","0.789","30","16","0"
"302","1600","1670","56","1450","1430","38","1398","0.026573426573427","0.97762237762238","0.258","0.369","31","17","0"
"303","1854","1985","58","1489","1450","45","1420","0.031034482758621","0.97931034482759","0.235","0.456","33","18","0"
"304","1320","1450","54","1492","1436","46","1410","0.032033426183844","0.98189415041783","0.456","0.258","35","19","0"
"305","1850","1950","56","1480","1450","46","1420","0.031724137931034","0.97931034482759","0.145","0.458","36","20","0"
"306","1456","1506","54","1365","1340","36","1330","0.026865671641791","0.99253731343284","0.487","0.985","37","11","0"
"307","1564","1600","55","1450","1400","37","1398","0.026428571428571","0.99857142857143","0.963","0.458","38","12","0"
"308","1465","1490","56","1390","1350","38","1330","0.028148148148148","0.98518518518519","0.852","0.547","39","14","0"
"309","1470","1500","57","1450","1400","39","1390","0.027857142857143","0.99285714285714","0.365","0.458","40","15","0"
"310","1500","1600","25","1485","1441","40","1420","0.027758501040944","0.9854267869535","0.254","0.256","41","16","0"
"311","1587","1590","26","1456","1435","41","1422","0.028571428571429","0.99094076655052","0.251","0.253","42","17","0"
"312","1545","1550","28","1350","1330","42","1320","0.031578947368421","0.99248120300752","0.412","0.214","43","18","0"
"313","1620","1752","29","1400","1399","43","1380","0.030736240171551","0.98641887062187","0.278","0.365","44","19","0"
"314","1750","1850","30","1500","1498","45","1501","0.030040053404539","1.002002670227","0.265","0.256","45","20","0"
"315","1980","1990","31","1450","1420","46","1410","0.032394366197183","0.99295774647887","0.241","0.789","46","19","0"
"316","1250","1350","32","1480","1450","47","1430","0.032413793103448","0.98620689655172","0.458","0.654","47","20","0"
"317","1789","1897","33","1350","1330","48","1420","0.03609022556391","1.0676691729323","0.457","0.124","48","15","0"
"318","1850","1840","34","1480","1450","49","1410","0.033793103448276","0.97241379310345","0.458","0.123","49","16","0"
"319","1750","1824","35","1450","1425","50","1380","0.035087719298246","0.96842105263158","0.546","0.542","45","14","0"
"320","1652","1550","36","1430","1420","37","1410","0.026056338028169","0.99295774647887","0.789","0.987","46","12","0"
"321","1580","1650","37","1480","1450","38","1440","0.026206896551724","0.99310344827586","0.456","0.564","47","13","0"
"322","1850","1950","38","1450","1400","39","1390","0.027857142857143","0.99285714285714","0.145","0.156","48","14","0"
"323","1950","1900","39","1400","1398","45","1365","0.032188841201717","0.97639484978541","0.456","0.654","49","15","0"
"324","1220","1350","45","1250","1450","46","1421","0.031724137931034","0.98","0.214","0.236","50","16","0"
"325","1780","1850","46","1564","1520","47","1498","0.030921052631579","0.98552631578947","0.654","0.546","41","17","0"
"326","1850","1800","47","1489","1472","48","1460","0.032608695652174","0.99184782608696","0.546","0.465","42","18","0"
"327","1950","1900","48","1460","1450","49","1440","0.033793103448276","0.99310344827586","0.541","0.457","43","19","0"
"328","1482","1582","45","1350","1330","35","1320","0.026315789473684","0.99248120300752","0.326","0.214","45","20","0"
"329","1520","1565","46","1430","1420","36","1410","0.025352112676056","0.99295774647887","0.256","0.325","46","14","0"
"330","1650","1750","47","1450","1420","37","1410","0.026056338028169","0.99295774647887","0.325","0.215","47","10","0"
"331","1850","1950","48","1425","1410","38","1390","0.026950354609929","0.98581560283688","0.789","0.987","48","11","0"
"332","1452","1542","49","1365","1340","39","1330","0.02910447761194","0.99253731343284","0.875","0.575","49","12","0"
"333","1564","1654","38","1450","1400","54","1390","0.038571428571429","0.99285714285714","0.254","0.546","25","13","0"
"334","1254","1350","39","1460","1400","56","1380","0.04","0.98571428571429","0.245","0.254","26","14","0"
"335","1354","1556","40","1396","1350","57","1340","0.042222222222222","0.99259259259259","0.654","0.546","27","15","0"
"336","1698","1769","41","1450","1436","40","1420","0.027855153203343","0.98885793871866","0.548","0.854","28","16","0"
"337","1769","1850","42","1365","1350","41","1340","0.03037037037037","0.99259259259259","0.365","0.325","30","18","0"
"338","1850","1958","43","1378","1352","42","1345","0.031065088757396","0.9948224852071","0.256","0.652","31","19","0"
"339","1654","1765","44","1458","1440","43","1435","0.029861111111111","0.99652777777778","0.698","0.985","32","20","0"
"340","1582","1685","45","1460","1408","45","1398","0.031960227272727","0.99289772727273","0.214","0.415","33","11","0"
"341","1235","1350","46","1425","1410","46","1369","0.032624113475177","0.9709219858156","0.265","0.698","34","12","0"
"342","1365","1470","47","1436","1420","47","1398","0.033098591549296","0.98450704225352","0.654","0.256","21","3","0"
"343","1450","1550","48","1469","1450","48","1440","0.033103448275862","0.99310344827586","0.456","0.258","22","14","0"
"344","1526","1630","66","785","452","26","430","0.057522123893805","0.95132743362832","0.23","0.8","25","12","0"
"345","1000","1234","54","456","200","35","195","0.175","0.975","0.54","0.7","24","12","0"
"346","1050","1080","55","489","203","35","165","0.17241379310345","0.8128078817734","0.52","0.9","35","13","0"
"347","1565","1589","65","568","460","26","420","0.056521739130435","0.91304347826087","0.53","0.8","36","15","0"
"348","1235","1564","25","859","456","36","423","0.078947368421053","0.92763157894737","0.42","0.9","24","14","0"
"349","1236","1325","36","678","356","34","350","0.095505617977528","0.98314606741573","0.35","0.96","24","9","0"
"350","1232","1652","45","598","256","26","243","0.1015625","0.94921875","0.52","0.89","45","8","0"
"351","1451","1654","56","657","356","35","321","0.098314606741573","0.90168539325843","0.42","0.89","46","16","0"
"352","1654","1789","65","859","456","34","426","0.074561403508772","0.93421052631579","0.53","0.74","41","15","0"
"353","1245","1654","32","654","321","36","310","0.11214953271028","0.96573208722741","0.51","0.85","35","14","0"
"354","1124","1235","52","587","356","45","324","0.12640449438202","0.91011235955056","0.42","0.96","38","12","0"
"355","1965","1654","63","526","321","25","311","0.077881619937695","0.96884735202492","0.55","0.75","39","13","0"
"356","1547","1987","41","1354","750","35","659","0.046666666666667","0.87866666666667","0.51","0.86","34","12","0"
"357","1895","1999","52","1456","700","26","680","0.037142857142857","0.97142857142857","0.42","0.95","37","8","0"
"358","1365","1456","63","542","256","33","235","0.12890625","0.91796875","0.41","0.74","28","9","0"
"359","1269","1356","56","1453","652","36","620","0.05521472392638","0.95092024539877","0.43","1.02","26","7","0"
"360","1248","1564","54","987","456","35","432","0.076754385964912","0.94736842105263","0.52","1.32","37","15","0"
"361","1569","1695","54","568","253","32","241","0.12648221343874","0.95256916996047","0.63","1.25","28","12","0"
"362","1854","1965","63","596","256","31","236","0.12109375","0.921875","0.42","1.65","54","13","0"
"363","1654","1987","56","587","289","45","269","0.15570934256055","0.93079584775087","0.53","1.45","53","14","0"
"364","1235","1356","45","458","246","42","231","0.17073170731707","0.9390243902439","0.62","1.98","53","13","0"
"365","1654","1856","69","769","350","35","342","0.1","0.97714285714286","0.54","1.36","56","12","0"
"366","1223","1355","25","958","850","32","750","0.037647058823529","0.88235294117647","0.52","1.05","58","11","0"
"367","1451","1555","36","698","564","31","520","0.054964539007092","0.92198581560284","0.65","1.32","32","10","0"
"368","1754","1654","31","879","423","33","398","0.078014184397163","0.94089834515366","0.63","1.65","21","10","0"
"369","1695","1672","25","568","350","45","326","0.12857142857143","0.93142857142857","0.54","1.24","22","12","0"
"370","1253","1286","65","569","321","42","311","0.13084112149533","0.96884735202492","0.61","1.35","16","15","0"
"371","1896","1995","45","845","423","44","421","0.10401891252955","0.99527186761229","0.54","1.26","24","14","0"
"372","1456","1566","15","687","325","41","312","0.12615384615385","0.96","0.43","1.02","25","28","0"
"373","1985","1999","16","869","423","46","410","0.10874704491726","0.96926713947991","0.32","1.03","33","9","0"
"374","1554","1666","24","589","234","47","210","0.2008547008547","0.8974358974359","0.54","1.56","44","7","0"
"375","1665","1689","53","987","456","42","321","0.092105263157895","0.70394736842105","0.56","1.45","42","5","0"
"376","1478","1563","65","689","254","43","210","0.16929133858268","0.82677165354331","0.54","1.98","41","12","0"
"377","1998","1999","34","1058","500","45","459","0.09","0.918","0.42","1.75","56","9","0"
"378","1887","1987","38","1069","524","38","501","0.072519083969466","0.95610687022901","0.34","1.65","32","11","0"
"379","1888","1965","39","1289","621","34","623","0.05475040257649","1.0032206119163","0.42","1.23","60","13","0"
"380","1997","1998","34","1356","1000","49","900","0.049","0.9","0.42","1.02","72","12","0"
"381","1632","1765","54","1254","625","48","562","0.0768","0.8992","0.52","1.06","45","14","1"
"382","1322","1456","65","1325","623","45","614","0.07223113964687","0.98555377207063","0.53","1.25","65","12","0"
"383","1622","1744","18","1364","623","46","600","0.073836276083467","0.96308186195827","0.51","1.56","24","12","0"
"384","1489","1564","78","985","425","42","859","0.098823529411765","2.0211764705882","0.43","1.53","27","13","0"
"385","1654","1546","49","968","450","43","963","0.095555555555556","2.14","0.62","1.45","54","11","0"
"386","1596","1645","50","974","453","35","965","0.077262693156733","2.1302428256071","0.52","1.69","54","10","0"
"387","1365","1456","45","1045","521","36","501","0.069097888675624","0.9616122840691","0.42","1.02","35","14","0"
"388","1895","1965","45","1065","532","38","523","0.071428571428571","0.98308270676692","0.52","1.24","65","9","0"
"389","1489","1545","68","1235","563","39","523","0.069271758436945","0.92895204262877","0.53","1.65","24","8","0"
"390","1459","1658","59","1345","623","34","620","0.054574638844302","0.99518459069021","0.51","1.45","35","12","0"
"391","1896","1965","57","1265","523","37","511","0.07074569789675","0.97705544933078","0.456","1.25","26","10","0"
"392","1654","1987","24","1333","623","45","599","0.07223113964687","0.96147672552167","0.524","1.23","57","12","0"
"393","1225","1356","65","1345","452","49","444","0.10840707964602","0.98230088495575","0.634","1.03","48","11","0"
"394","1965","1984","14","1023","654","46","632","0.070336391437309","0.96636085626911","0.512","1.65","46","13","0"
"395","1658","1689","43","1002","354","47","326","0.13276836158192","0.92090395480226","0.534","1.23","57","14","0"
"396","1655","1688","52","1032","652","36","623","0.05521472392638","0.95552147239264","0.534","1.45","68","14","0"
"397","1965","1968","62","1065","625","39","600","0.0624","0.96","0.514","1.65","25","12","0"
"398","1356","1456","85","1003","456","38","423","0.083333333333333","0.92763157894737","0.531","1.26","69","10","0"
"399","1998","1999","64","1269","563","38","542","0.067495559502664","0.96269982238011","0.621","1.23","54","11","0"
"400","1452","1564","54","1365","546","39","526","0.071428571428571","0.96336996336996","0.423","1.56","35","9","0"
"401","1654","1489","25","1456","500","54","480","0.108","0.96","0","1.86","24","7","0"
"402","1325","1564","36","1324","456","36","423","0.078947368421053","0.92763157894737","0.52","1.1","26","15","0"
"403","1665","1664","31","1236","623","45","600","0.07223113964687","0.96308186195827","0.53","1.5","40","12","0"
"404","1165","1965","25","1254","562","47","523","0.083629893238434","0.93060498220641","0.42","1.2","10","13","0"
"405","1694","987","65","1125","564","42","541","0.074468085106383","0.95921985815603","0.35","1.3","15","14","0"
"406","1325","1265","45","1224","589","43","596","0.073005093378608","1.0118845500849","0.52","1.2","54","13","0"
"407","1986","1654","15","1663","564","45","521","0.079787234042553","0.92375886524823","0.42","1.2","55","12","0"
"408","1345","1965","16","1552","546","38","521","0.06959706959707","0.95421245421245","0.53","0.96","15","11","0"
"409","1965","1655","24","1203","622","34","610","0.054662379421222","0.98070739549839","0.51","0.89","23","10","0"
"410","1547","1456","53","1032","523","49","510","0.093690248565966","0.97514340344168","0.42","0.89","58","10","0"
"411","1432","1235","65","1056","450","48","421","0.10666666666667","0.93555555555556","0.55","0.74","23","12","0"
"412","1965","1896","34","1012","564","45","542","0.079787234042553","0.96099290780142","0.51","0.85","13","15","0"
"413","1235","1241","38","1011","562","46","521","0.081850533807829","0.9270462633452","0.42","0.96","16","14","0"
"414","966","1021","55","1102","456","42","412","0.092105263157895","0.90350877192982","0.41","0.75","35","11","0"
"415","985","1203","48","1032","498","43","450","0.086345381526104","0.90361445783133","0.43","0.86","13","12","0"
"416","1569","1423","65","1002","456","35","421","0.076754385964912","0.92324561403509","0.52","0.95","32","13","0"
"417","856","785","25","1230","658","36","564","0.054711246200608","0.85714285714286","0.63","0.74","15","16","0"
"418","1456","1356","36","1012","754","38","658","0.050397877984085","0.87267904509284","0.42","1.02","18","15","0"
"419","1689","1985","45","1045","654","39","623","0.059633027522936","0.9525993883792","0.53","1.32","19","16","0"
"420","1357","1456","56","1025","623","34","601","0.054574638844302","0.96468699839486","0.62","1.25","25","18","0"
"421","1774","1894","65","1014","632","37","635","0.058544303797468","1.004746835443","0.54","1.65","23","19","0"
"422","1655","1956","32","1000","653","45","621","0.068912710566616","0.9509954058193","0.478","1.45","29","18","0"
"423","956","1001","52","985","568","54","521","0.095070422535211","0.91725352112676","0.236","1.98","26","19","0"
"424","965","1021","63","968","594","56","563","0.094276094276094","0.94781144781145","0.125","1.36","42","20","0"
"425","856","956","41","952","748","57","654","0.07620320855615","0.87433155080214","0.147","1.05","45","15","0"
"426","745","854","52","974","759","40","772","0.05270092226614","1.0171277997365","0.236","1.32","41","16","0"
"427","1165","1123","63","963","748","41","732","0.054812834224599","0.97860962566845","0.245","1.65","42","14","0"
"428","1669","1456","56","952","765","42","741","0.054901960784314","0.96862745098039","0.236","1.24","43","16","0"
"429","1564","1654","54","985","749","43","723","0.057409879839786","0.9652870493992","0.745","1.35","45","17","0"
"430","1694","1785","65","964","725","45","714","0.062068965517241","0.9848275862069","0.741","1.26","46","18","0"
"431","1598","1256","55","974","746","46","721","0.061662198391421","0.96648793565684","0.564","1.02","47","18","0"
"432","1499","1564","57","942","712","47","701","0.066011235955056","0.98455056179775","0.326","1.03","48","12","0"
"433","1325","1456","59","1022","759","48","752","0.063241106719368","0.99077733860343","0.236","1.56","49","4","0"
"434","1664","1564","87","1033","625","26","632","0.0416","1.0112","0.145","1.45","42","10","0"
"435","1694","1565","56","1044","546","35","521","0.064102564102564","0.95421245421245","0.123","1.98","45","19","0"
"436","1994","1896","58","1002","530","35","512","0.066037735849057","0.96603773584906","0.236","1.75","46","17","0"
"437","1695","1689","59","1003","524","26","501","0.049618320610687","0.95610687022901","0.254","1.65","43","5","0"
"438","1321","1456","57","1020","522","36","511","0.068965517241379","0.97892720306513","0.145","1.23","48","6","0"
"439","1231","1564","24","1302","533","34","510","0.063789868667917","0.95684803001876","0.236","1.02","42","8","0"
"440","956","895","65","1456","511","26","501","0.050880626223092","0.98043052837573","0.125","1.06","49","14","0"
"441","865","789","14","984","564","35","523","0.062056737588652","0.92730496453901","0.455","1.25","48","11","0"
"442","789","740","43","855","598","34","587","0.05685618729097","0.98160535117057","0.564","1.56","46","9","0"
"443","1023","965","52","1235","765","45","741","0.058823529411765","0.96862745098039","0.326","1.53","45","12","0"
"444","1045","985","62","987","420","25","410","0.05952380952381","0.97619047619048","0.236","1.45","42","7","0"
"445","1002","997","85","964","465","45","451","0.096774193548387","0.96989247311828","0.145","1.69","46","18","0"
"446","1402","1520","64","963","435","46","421","0.10574712643678","0.96781609195402","0.123","1.02","42","17","0"
"447","1032","1324","54","1221","495","35","425","0.070707070707071","0.85858585858586","0.236","1.24","41","13","0"
"448","1506","1654","69","1012","512","65","510","0.126953125","0.99609375","0.254","1.65","41","16","0"
"449","1056","1245","58","1032","466","59","421","0.12660944206009","0.90343347639485","0.546","1.54","46","18","0"
"450","897","1023","45","985","654","54","524","0.08256880733945","0.80122324159021","0.856","1.21","48","19","0"
"451","951","927","57","1132","512","42","502","0.08203125","0.98046875","0.567","1.34","47","17","0"
"452","1236","1056","65","1225","624","49","614","0.078525641025641","0.98397435897436","0.447","1.32","46","18","0"
"453","1145","1032","53","989","562","46","532","0.081850533807829","0.94661921708185","0.333","1.26","39","17","0"
"454","1098","999","52","1011","567","46","546","0.081128747795414","0.96296296296296","0.462","1.31","38","14","0"
"455","1120","1020","62","1022","561","48","532","0.085561497326203","0.94830659536542","0.444","1.36","37","15","0"
"456","1263","1210","67","1113","624","56","569","0.08974358974359","0.91185897435897","0.512","1.22","42","17","0"
"457","1296","1103","61","1033","612","52","594","0.084967320261438","0.97058823529412","0.495","1.57","46","15","0"
"458","1032","925","67","1098","601","49","586","0.08153078202995","0.97504159733777","0.523","1.49","39","16","0"
"459","1325","1265","62","1156","625","50","617","0.08","0.9872","0.511","1.39","41","14","0"
"460","1483","1362","68","1265","612","54","591","0.088235294117647","0.9656862745098","0.459","1.36","40","16","0"
"461","1267","1132","60","1132","502","51","490","0.10159362549801","0.97609561752988","0.265","1.22","46","13","0"
"462","1102","1032","53","1069","546","54","531","0.098901098901099","0.97252747252747","0.412","1.21","39","16","0"
"463","1162","1109","57","1062","548","55","521","0.10036496350365","0.9507299270073","0.489","1.29","41","12","0"
"464","1159","1103","68","1156","625","61","611","0.0976","0.9776","0.478","1.26","42","17","1"
"465","1148","1129","62","1189","612","59","598","0.09640522875817","0.97712418300654","0.512","1.23","46","13","0"
"466","1326","1265","61","1023","604","57","578","0.094370860927152","0.95695364238411","0.456","1.12","43","16","0"
"467","1489","1325","69","956","562","53","546","0.094306049822064","0.97153024911032","0.492","1.26","40","13","1"
"468","1245","1189","56","946","549","51","512","0.092896174863388","0.93260473588342","0.397","1.38","39","17","0"
"469","1362","1168","59","980","602","61","546","0.10132890365449","0.90697674418605","0.392","1.43","45","15","0"
"470","1169","983","53","1325","621","60","609","0.096618357487923","0.98067632850242","0.368","1.41","46","14","0"
"471","1095","985","53","989","546","56","522","0.1025641025641","0.95604395604396","0.532","1.39","49","13","0"
"472","1078","943","51","1166","576","58","549","0.10069444444444","0.953125","0.486","1.47","43","17","0"
"473","1165","1023","57","1032","549","53","531","0.096539162112933","0.9672131147541","0.496","1.32","41","15","0"
"474","1298","1163","61","1062","553","53","541","0.095840867992767","0.97830018083183","0.485","1.19","39","18","0"
"475","1497","1230","64","1069","556","55","536","0.098920863309353","0.96402877697842","0.523","1.42","38","16","0"
"476","1388","1263","64","1154","572","57","549","0.09965034965035","0.95979020979021","0.514","1.36","39","18","0"
"477","1394","1153","58","1259","624","62","601","0.099358974358974","0.96314102564103","0.511","1.35","41","16","1"
"478","1257","1198","59","1562","681","68","627","0.09985315712188","0.92070484581498","0.498","1.22","39","17","1"
"479","1159","1030","51","1263","562","53","548","0.094306049822064","0.97508896797153","0.485","1.24","37","13","1"
"480","1490","1392","67","1659","652","67","612","0.10276073619632","0.93865030674847","0.426","1.65","38","14","0"
"481","1023","981","54","1689","642","66","602","0.10280373831776","0.93769470404984","0.452","1.26","36","15","0"
"482","1483","1265","59","1562","562","56","546","0.099644128113879","0.97153024911032","0.462","1.19","41","14","0"
"483","1462","1132","58","1435","543","55","512","0.10128913443831","0.94290976058932","0.512","0.998","40","16","0"
"484","1325","1277","67","1421","621","61","602","0.098228663446055","0.96940418679549","0.487","0.863","36","13","0"
"485","1233","1119","61","1132","501","51","498","0.10179640718563","0.9940119760479","0.463","1.64","39","17","0"
"486","1212","1189","60","1026","562","55","536","0.097864768683274","0.95373665480427","0.453","1.62","39","14","0"
"487","1453","1367","66","1624","620","62","589","0.1","0.95","0.483","1.52","42","15","0"
"488","1322","1277","64","1555","562","56","536","0.099644128113879","0.95373665480427","0.479","1.39","43","13","0"
"489","1263","1199","59","1325","578","57","542","0.098615916955017","0.93771626297578","0.398","1.32","39","12","0"
"490","1298","1207","61","1624","594","58","579","0.097643097643098","0.97474747474747","0.387","1.26","41","15","0"
"491","1486","1365","63","1487","599","59","581","0.098497495826377","0.96994991652755","0.512","1.45","45","17","0"
"492","1499","1322","66","1114","517","51","489","0.098646034816248","0.9458413926499","0.517","1.32","43","16","0"
"493","1369","1267","61","1452","562","54","526","0.096085409252669","0.93594306049822","0.503","1.28","46","15","0"
"494","1398","1244","62","1624","623","61","583","0.097913322632424","0.93579454253612","0.426","0.97","39","13","0"
"495","1444","1344","64","1462","596","59","548","0.098993288590604","0.91946308724832","0.447","0.83","35","17","0"
"496","1326","1241","60","1120","543","154","524","0.28360957642726","0.96500920810313","0.364","1.11","36","14","1"
"497","1251","1207","59","1432","598","58","569","0.096989966555184","0.95150501672241","0.46","0.94","39","16","1"
"498","1473","1399","65","1106","524","54","509","0.1030534351145","0.97137404580153","0.571","0.91","38","15","1"
"499","1407","1231","59","1153","503","250","487","0.49701789264414","0.96819085487078","0.523","0.96","40","16","0"
"500","1430","1400","66","1543","624","61","583","0.09775641025641","0.93429487179487","0.543","1.2","42","14","0"
"501","54","62","759","952","2295","265","2095","0.11546840958606","0.91285403050109","0.562","0.2297","43","28","1"
"502","56","1","562","785","2220","132","2213","0.059459459459459","0.99684684684685","0.563","0.4265","34","24","0"
"503","54","3","598","748","1122","1005","1122","0.89572192513369","1","0.564","0.4796","35","26","1"
"504","34","73","563","796","2001","1765","1988","0.88205897051474","0.99350324837581","0.569","0.4831","47","21","1"
"505","23","49","684","1263","1846","1623","1832","0.87919826652221","0.99241603466956","0.568","0.4821","45","24","1"
"506","47","5","692","2540","3742","2956","3654","0.78995189738108","0.97648316408338","0.625","0.4712","34","29","1"
"507","22","53","635","2202","3303","2694","3299","0.81562216167121","0.99878897971541","0.635","0.5","37","27","1"
"508","33","2","789","2002","3001","2463","2997","0.82072642452516","0.99866711096301","0.624","0.5","49","26","0"
"509","44","1","982","2001","3456","1984","3441","0.57407407407407","0.99565972222222","0.699","0.22","47","20","1"
"510","56","83","629","2001","3216","2034","3102","0.63246268656716","0.96455223880597","0.684","0.489","39","30","1"
"511","57","85","784","798","2102","1874","2100","0.89153187440533","0.99904852521408","0.614","0.458","38","29","1"
"512","9","85","792","849","2203","1654","2199","0.75079437131185","0.99818429414435","0.958","0.362","30","30","0"
"513","10","94","777","895","2310","1987","2286","0.86017316017316","0.98961038961039","0.987","0.2789","50","21","0"
"514","12","4","999","1563","2445","1866","2441","0.76319018404908","0.99836400817996","0.948","0.289","40","22","1"
"515","11","129","888","1489","2326","1684","2321","0.72398968185727","0.99785038693035","0.954","0.261","46","24","1"
"516","13","35","992","1230","2001","1452","1990","0.7256371814093","0.99450274862569","0.962","0.423","43","30","1"
"517","43","36","603","1260","2223","1552","2220","0.69815564552407","0.99865047233468","0.952","0.487","45","22","1"
"518","31","85","651","1790","2745","1996","2740","0.72714025500911","0.99817850637523","0.684","0.462","46","23","1"
"519","99","9","532","1840","2864","1864","2862","0.65083798882682","0.99930167597765","0.567","0.425","43","28","1"
"520","78","8","521","984","2210","1684","2200","0.76199095022624","0.99547511312217","0.648","0.4657","34","27","1"
"521","76","7","546","956","2100","1423","2095","0.67761904761905","0.99761904761905","0.789","0.4871","33","29","0"
"522","65","72","584","975","2113","1489","2100","0.70468528159016","0.99384761003313","0.789","0.1187","44","26","1"
"523","85","72","596","985","2361","1876","2351","0.79457856840322","0.99576450656501","0.854","0.118","34","21","1"
"524","84","74","578","1562","2996","1994","2990","0.66555407209613","0.99799732977303","0.958","0.1987","35","22","1"
"525","83","85","521","1489","2456","1659","2450","0.67548859934853","0.99755700325733","0.911","0.1843","36","25","1"
"526","32","49","564","2190","3004","1846","3001","0.61451398135819","0.99900133155792","0.811","0.1462","37","22","1"
"527","31","5","574","2015","2995","1974","2110","0.65909849749583","0.70450751252087","0.611","0.14","38","26","1"
"528","30","98","532","2036","3002","1882","3001","0.62691538974017","0.99966688874084","0.711","0.19","39","22","1"
"529","40","99","598","2098","3016","1964","3002","0.65119363395225","0.99535809018568","0.659","0.17","30","28","1"
"530","50","75","584","2156","3123","1995","3100","0.6388088376561","0.99263528658341","0.852","0.16","40","27","1"
"531","60","75","782","2451","3645","2216","3640","0.6079561042524","0.99862825788752","0.854","0.221","50","26","1"
"532","65","64","795","2500","3556","2256","3410","0.63442069741282","0.95894263217098","0.856","0.357","49","30","1"
"533","75","84","784","2487","3512","2200","3510","0.62642369020501","0.999430523918","0.953","0.687","50","26","1"
"534","9","93","842","2315","3621","2310","3620","0.63794531897266","0.99972383319525","0.981","0.268","48","21","1"
"535","10","4","846","1987","3337","2102","3330","0.62990710218759","0.99790230746179","0.853","0.245","47","24","1"
"536","12","43","892","863","1956","1450","1950","0.74130879345603","0.99693251533742","0.88","0.377","46","29","1"
"537","13","65","841","1487","2659","1846","2650","0.69424595712674","0.99661526889808","0.99","0.388","44","28","1"
"538","41","74","862","1985","2885","1946","2880","0.67452339688042","0.99826689774697","0.77","0.399","43","24","1"
"539","51","3","871","1879","2756","1997","2750","0.72460087082729","0.9978229317852","0.66","0.145","42","26","1"
"540","99","85","832","1569","2556","1625","2550","0.63575899843505","0.99765258215962","0.55","0.177","41","25","1"
"541","88","89","954","1486","2463","1554","2460","0.63093788063337","0.99878197320341","0.96","0.188","32","31","1"
"542","63","42","975","1256","2316","1469","2312","0.63428324697755","0.99827288428325","0.663","0.199","32","30","1"
"543","72","32","762","999","2113","1321","2099","0.62517747278751","0.99337434926645","665","0.463","33","22","1"
"544","39","27","743","985","2345","1466","2339","0.62515991471215","0.99744136460554","1","0.472","44","29","1"
"545","38","28","782","845","1645","1320","1639","0.80243161094225","0.99635258358663","1","0.425","34","27","1"
"546","45","29","741","763","1664","1360","1655","0.81730769230769","0.99459134615385","1","0.456","44","21","1"
"547","48","33","965","1298","1987","1456","1982","0.73276295923503","0.99748364368395","1","0.491","46","22","1"
"548","45","44","987","2000","3038","2030","3030","0.66820276497696","0.99736668861093","1.02","0.492","45","29","1"
"549","43","55","1156","2489","3346","2410","3345","0.72026300059773","0.9997011356844","1.03","0.49","46","25","1"
"550","23","67","1489","2132","3126","2130","3120","0.68138195777351","0.99808061420345","0.92","0.48","47","22","1"
"551","22","56","1263","2569","3896","2543","3891","0.65272073921971","0.99871663244353","0.93","0.47","48","24","1"
"552","46","45","1789","2481","3785","2463","3764","0.65072655217966","0.99445178335535","0.91","0.263","40","25","1"
"553","57","32","1236","2579","3654","2421","3610","0.66256157635468","0.98795840175151","0.89","0.41","30","26","1"
"554","58","102","1478","2470","3541","2316","3512","0.65405252753459","0.99181022310082","0.87","0.471","44","20","1"
"555","59","43","1259","2145","3125","2103","3119","0.67296","0.99808","0.86","0.154","33","30","1"
"556","60","75","1111","2203","3245","2230","3230","0.68721109399075","0.99537750385208","0.84","0.126","32","28","1"
"557","64","78","1589","2302","3625","2466","3594","0.68027586206897","0.99144827586207","0.779","0.147","31","26","0"
"558","73","77","1478","2610","3697","2486","3678","0.67243711117122","0.99486069786313","0.59","0.369","37","30","1"
"559","83","98","1369","2563","3564","2331","3558","0.6540404040404","0.9983164983165","0.56","0.258","39","25","1"
"560","93","67","1248","2459","3452","2130","3450","0.617033603708","0.99942062572422","0.54","0.159","37","30","1"
"561","23","65","1369","2146","3154","2248","3150","0.71274571972099","0.99873176918199","0.665","0.357","50","21","1"
"562","12","74","1254","2358","3541","2684","3539","0.7579779723242","0.99943518780006","0.884","0.26","36","30","1"
"563","19","84","1478","2016","3112","2294","3100","0.73714652956298","0.99614395886889","0.862","0.247","35","26","1"
"564","18","9","1324","2031","3026","2036","3020","0.67283542630535","0.99801718440185","0.862","0.268","34","24","1"
"565","17","8","1239","2148","3365","2222","3360","0.66032689450223","0.99851411589896","0.953","0.241","33","20","1"
"566","61","7","1123","2550","3498","2348","3485","0.67124070897656","0.99628359062321","0.954","0.143","32","23","1"
"567","88","12","1126","2110","3568","2694","3565","0.75504484304933","0.99915919282511","0.982","0.149","31","27","1"
"568","75","2","1184","2447","3649","2664","3640","0.73006303096739","0.99753357084133","0.97","0.163","36","29","1"
"569","45","36","1159","999","1998","1561","1995","0.78128128128128","0.9984984984985","1","0.362","39","24","1"
"570","36","91","1247","826","1876","1420","1873","0.75692963752665","0.99840085287846","0.625","0.22","38","23","0"
"571","36","19","1489","845","1845","1321","1840","0.7159891598916","0.99728997289973","0.654","0.11","30","25","1"
"572","26","18","1421","863","1945","1584","1939","0.81439588688946","0.99691516709512","1","0.268","37","26","1"
"573","27","17","1432","964","1975","1632","1970","0.82632911392405","0.99746835443038","0.567","0.295","41","21","1"
"574","109","17","1657","920","1988","1667","1981","0.83853118712274","0.99647887323944","0.87","0.24","42","24","1"
"575","92","16","1478","740","1756","1235","1754","0.70330296127563","0.99886104783599","0.99","0.154","49","27","1"
"576","29","62","1203","760","1456","1220","1452","0.83791208791209","0.99725274725275","1","0.126","40","29","1"
"577","38","64","1209","840","1741","1597","1740","0.917288914417","0.99942561746123","1","0.247","50","28","1"
"578","56","97","1236","2215","2465","1897","2460","0.76957403651116","0.99797160243408","1","0.321","47","25","1"
"579","75","10","1258","2478","3221","2301","3221","0.71437441788265","1","1.02","0.495","46","20","1"
"580","85","100","1249","2330","3120","2102","3115","0.67371794871795","0.99839743589744","1.04","0.415","48","21","1"
"581","85","89","1269","2220","3111","2003","3110","0.64384442301511","0.99967855994857","0.995","0.57","38","29","1"
"582","94","65","1148","2102","3150","2031","3140","0.6447619047619","0.9968253968254","0.654","0.268","35","24","1"
"583","94","78","598","2013","3100","2306","3099","0.74387096774194","0.99967741935484","0.89","0.289","32","25","1"
"584","8","64","627","2045","3642","2362","3640","0.64854475562878","0.99945085118067","0.7765","0.24","30","23","1"
"585","7","66","784","2069","3210","2143","3205","0.66760124610592","0.99844236760125","0.8765","0.25","31","26","1"
"586","9","46","633","2084","3205","2210","3126","0.68954758190328","0.97535101404056","0.9765","0.26","36","27","1"
"587","10","43","699","2047","3130","2100","3124","0.67092651757189","0.99808306709265","0.9967","0.32","39","21","1"
"588","11","76","684","2063","3160","2201","3145","0.69651898734177","0.99525316455696","1","0.63","30","28","1"
"589","19","79","541","1999","2861","1936","2848","0.6766864732611","0.9954561342188","1","0.498","40","29","1"
"590","72","76","512","1879","2751","1945","2741","0.70701563067975","0.99636495819702","1","0.478","50","24","1"
"591","83","2","789","1487","2456","1756","2450","0.71498371335505","0.99755700325733","1","0.48","49","25","0"
"592","46","2","1133","1684","2658","1846","2650","0.69450714823175","0.99699021820918","1.03","0.5","48","23","1"
"593","47","3","1440","1268","2351","1654","2349","0.70353041259039","0.99914929817099","1.06","0.44","47","20","1"
"594","106","5","1460","1148","2165","1324","2159","0.61154734411085","0.99722863741339","0.911","0.33","41","24","0"
"595","4","9","1597","1000","2130","1264","2120","0.59342723004695","0.99530516431925","0.912","0.26","42","29","1"
"596","37","32","1003","1500","2410","1452","2405","0.60248962655602","0.99792531120332","0.7812","0.123","48","27","1"
"597","83","29","510","2000","2994","1876","2990","0.62658650634603","0.99866399465598","0.768","0.154","49","26","1"
"598","93","28","563","2500","3420","2364","3415","0.69122807017544","0.99853801169591","0.659","0.165","47","25","1"
"599","33","27","1000","900","1945","1520","1936","0.78149100257069","0.99537275064267","0.999","0.122","45","23","1"
"600","100","26","1500","800","1876","1320","1874","0.70362473347548","0.99893390191898","1","0.102","46","21","0"
"601","25","17","730","1560","2002","1546","2000","0.77222777222777","0.999000999001","0.8","0.15","52","27","0"
